代码,基金名,四分位,夏普率,标准差,同类排名,阶段涨幅,总分
001643,汇丰晋信智造先锋股票A,9.0,2.835,9.312,16.443,28.416,66.0072303361449
003834,华夏能源革新股票,9.0,2.442,10.349,16.807,26.893,65.491935924304
001644,汇丰晋信智造先锋股票C,9.0,2.817,9.311,16.418,27.884,65.42943780691934
005968,创金合信工业周期股票A,8.6,2.84,8.85,16.242,26.279,62.81183160984743
005885,金鹰信息产业股票C,9.0,2.452,9.466,16.634,24.724,62.276698242144604
005969,创金合信工业周期股票C,8.6,2.81,8.85,16.16,25.58,62.00044792501173
000828,泰达转型机遇,9.0,2.568,9.704,16.897,23.592,61.76039014112857
004812,中欧先进制造股票A,9.6,2.632,8.596,17.16,22.693,60.68187790276804
003853,金鹰信息产业股票A,9.0,2.47,9.466,16.658,22.954,60.548086429858074
004813,中欧先进制造股票C,9.6,2.615,8.598,16.87,22.378,60.0617709118951
540008,汇丰晋信低碳先锋股票,9.0,2.395,10.065,16.203,22.062,59.724294561428735
004784,招商稳健优选股票,9.6,2.465,8.362,17.578,20.104,58.10798466401582
001790,国泰智能汽车股票A,9.0,2.285,9.66,16.693,19.924,57.56254061867986
005927,创金合信新能源汽车股票A,9.6,2.142,9.378,17.442,18.69,57.25324810047676
005928,创金合信新能源汽车股票C,9.6,2.105,9.378,17.391,18.115,56.588913329808236
004640,华夏节能环保股票,9.2,2.558,8.394,16.293,19.756,56.20060766903867
004925,长信低碳环保行业量化股票,9.6,2.178,8.854,17.393,17.79,55.813815131862064
003984,嘉实新能源新材料股票A,9.0,2.552,8.464,15.765,20.005,55.78668355949682
003985,嘉实新能源新材料股票C,9.0,2.535,8.464,15.704,19.633,55.335958088399416
004851,广发医疗保健股票A,9.2,2.31,8.889,15.971,18.482,54.85307155150037
001054,工银新金融股票,9.4,3.273,6.758,16.493,18.864,54.78759049295872
001476,中银智能制造股票A,9.6,2.505,8.41,16.616,17.608,54.73930401905463
001717,工银前沿医疗股票A,8.4,2.555,8.378,15.06,19.729,54.122186726263664
000409,鹏华环保产业股票,9.4,2.72,8.057,16.424,17.233,53.8335512615579
001171,工银养老产业股票A,9.2,2.495,8.285,16.147,16.97,53.097349079937544
005825,申万菱信智能驱动股票,9.2,2.712,7.316,16.059,17.211,52.49923312766619
001410,信达澳银新能源产业股票,9.2,2.2,8.8,16.035,16.138,52.37295724010974
004075,交银医药创新股票,8.4,2.462,8.268,14.547,18.541,52.21873908975964
001616,嘉实环保低碳股票,9.0,2.47,8.302,15.548,16.868,52.18782265528432
004616,中欧电子信息产业沪港深股票A,9.6,2.12,8.535,16.842,14.422,51.518549644087486
004040,金鹰医疗健康产业A,9.0,2.215,8.731,15.71,15.822,51.47796301167893
001956,国联安科技动力,9.2,1.852,9.952,16.41,13.991,51.40598982154454
001104,华安新丝路主题股票,8.8,2.722,7.82,15.532,16.401,51.275252366460734
004041,金鹰医疗健康产业C,9.0,2.188,8.731,15.639,15.414,50.97150251349365
002168,嘉实智能汽车股票,9.0,2.265,8.62,15.603,15.388,50.8769151974856
005763,中欧电子信息产业沪港深股票C,9.6,2.082,8.534,16.701,13.939,50.85632674261889
001245,工银生态环境股票,8.6,2.672,8.23,15.19,16.137,50.82930918090527
005669,前海开源公用事业股票,9.6,2.092,7.516,16.763,14.467,50.43797365161458
000913,农银医疗保健股票,8.2,2.218,9.552,14.75,15.438,50.15675972187393
005037,银华新能源新材料A,9.2,2.117,8.634,16.351,13.765,50.06771295893506
005038,银华新能源新材料C,9.2,2.09,8.636,16.292,13.463,49.680086354008466
005303,嘉实医药健康股票A,9.4,2.315,7.606,16.055,14.249,49.62513820687672
000831,工银医疗保健股票,8.4,2.318,8.827,14.729,15.335,49.60918933626866
002980,华夏创新前沿股票,9.4,2.372,7.73,15.78,14.27,49.55255957994727
005235,银华食品饮料量化股票发起式A,9.6,2.272,8.058,15.899,13.272,49.10239133947201
001496,工银聚焦30股票,9.6,2.575,7.025,16.207,13.61,49.0171108970063
005236,银华食品饮料量化股票发起式C,9.6,2.25,8.058,15.818,13.022,48.74855646802257
001009,上投摩根安全战略股票,9.6,2.465,7.742,15.666,13.104,48.577212678674705
005304,嘉实医药健康股票C,9.0,2.278,7.607,15.927,13.669,48.47931559013168
001825,建信中国制造2025,9.2,2.512,7.127,16.25,13.21,48.2995620769509
001718,工银物流产业股票,8.6,2.96,6.519,15.453,14.748,48.28034412280053
000592,建信改革红利股票,8.6,2.775,7.343,15.032,14.36,48.110285613843814
001714,工银文体产业股票A,9.2,2.585,7.055,15.371,13.709,47.91986817127231
000991,工银战略转型股票A,7.6,3.287,6.45,14.144,16.237,47.71858038435853
003230,创金合信医疗保健股票A,7.6,2.352,8.311,12.884,16.286,47.43312328821001
519714,交银消费新驱动股票,8.6,2.765,6.868,14.816,14.268,47.316335490427235
001126,上投摩根卓越制造股票,8.4,2.775,7.304,14.266,14.529,47.274552973083296
001072,华安智能装备主题股票,9.6,2.088,7.556,16.381,11.474,47.09901446386235
000696,汇添富环保行业股票,9.0,2.33,7.874,15.752,11.886,46.84099009494809
001043,工银美丽城镇股票A,9.0,2.963,6.383,15.236,13.2,46.78159596497184
003231,创金合信医疗保健股票C,7.6,2.33,8.31,12.74,15.79,46.77006963974226
001766,上投摩根医疗健康股票,8.6,2.288,7.885,14.24,13.533,46.54613376084067
004997,广发高端制造股票A,6.4,2.852,7.798,10.772,18.68,46.50250837497805
003145,中融竞争优势,9.4,2.002,8.483,15.602,10.903,46.39078311507345
002300,长盛医疗行业量化配置股票,8.4,2.068,8.78,14.101,12.935,46.28411349835423
001039,嘉实先进制造股票,9.0,2.592,7.212,14.848,12.46,46.11229696170276
001705,泓德战略转型股票,8.4,2.67,6.774,14.67,12.962,45.475037893264115
001230,鹏华医药科技,8.6,2.247,8.359,14.405,11.839,45.45085640575757
000971,诺安新经济股票,9.4,2.135,7.977,15.001,10.389,44.90190907165024
000729,建信中小盘先锋股票,9.4,2.432,6.857,15.761,10.326,44.7760890602105
206012,鹏华价值精选股票,8.6,2.1,8.318,14.483,11.235,44.73623224540792
001677,中银战略新兴产业股票A,9.2,2.24,7.208,15.342,10.576,44.56631283526734
001236,博时丝路主题股票A,8.8,2.665,6.917,14.592,11.584,44.55780153353152
000985,嘉实逆向策略股票,9.2,2.028,8.387,15.131,9.519,44.26454105983496
000751,嘉实新兴产业股票,8.2,2.425,7.607,13.91,12.083,44.225589253858345
001186,富国文体健康股票A,8.8,2.665,6.436,15.051,11.239,44.19173920758526
002556,博时丝路主题股票C,8.8,2.355,7.308,14.467,11.259,44.18911975127209
005259,建信龙头企业股票,9.0,2.35,7.08,14.623,10.918,43.97016125292961
006265,红土创新新科技股票,8.0,1.438,4.908,17.396,12.191,43.93248994236183
001070,建信信息产业股票,9.2,2.3,7.17,15.182,9.97,43.8221317966389
003069,光大创业板量化优选A,9.6,1.853,7.904,15.471,8.665,43.491899056191926
000793,工银高端制造股票,7.8,2.312,8.445,12.877,11.941,43.37524723732239
000854,鹏华养老产业股票,8.6,2.262,7.855,13.985,10.666,43.36895191660787
005495,创金合信科技成长股票A,8.8,1.728,8.864,14.385,9.564,43.33959409903243
004995,广发品牌消费股票发起式A,8.8,2.13,7.812,14.236,10.346,43.324390027405364
001490,汇添富国企创新股票,8.8,2.392,6.934,14.722,10.441,43.289448444839834
001542,国泰互联网+股票,9.0,1.775,8.686,15.282,8.527,43.27027763379485
000513,富国高端制造行业股票,9.0,2.572,6.911,14.017,10.74,43.24003215314639
005310,广发电子信息传媒股票A,8.8,1.848,8.55,13.83,9.856,42.88308667756849
001396,建信互联网+产业升级股票,9.0,2.075,7.504,15.098,9.176,42.85329281568502
004683,建信高端医疗股票,8.6,1.918,7.969,13.81,10.483,42.77878096162562
005496,创金合信科技成长股票C,8.8,1.698,8.863,14.25,9.137,42.74783841473935
320022,诺安研究精选股票,9.0,2.408,6.752,14.183,10.35,42.69235320197986
001036,嘉实企业变革股票,9.6,1.98,7.592,15.194,8.282,42.646680120229746
162208,泰达宏利首选企业股票,9.2,1.955,8.125,14.043,9.318,42.64021310836414
003190,创金合信消费主题股票A,8.0,2.198,7.708,13.249,11.364,42.51863149840277
000803,工银研究精选股票,7.8,2.75,6.967,12.381,12.413,42.31039325786872
000594,大摩进取优选股票,7.6,2.29,7.618,13.356,10.957,41.82116234869514
001915,宝盈医疗健康沪港深股票,7.2,1.965,8.624,12.324,11.694,41.807569046840904
003191,创金合信消费主题股票C,8.0,2.16,7.707,13.068,10.873,41.80712331429132
001473,建信大安全战略精选股票,8.4,2.848,5.828,14.062,10.63,41.76779280897493
000960,招商医药健康产业股票,6.8,2.212,8.954,11.629,12.164,41.76047309368933
002861,工银智能制造股票,8.6,2.05,7.818,13.635,9.624,41.72764662646568
001158,工银新材料新能源股票,7.8,2.442,7.468,13.532,10.44,41.681503414072225
001166,建信环保产业股票,9.0,2.17,7.385,14.533,8.577,41.66572392139377
399011,中海医疗保健主题股票,8.4,1.835,8.438,14.043,8.941,41.65707366603474
000309,大摩品质生活精选股票,9.6,2.305,6.797,14.658,8.263,41.62340796833205
000780,鹏华医疗保健股票,7.8,2.018,8.776,12.758,10.114,41.46537561938118
001975,景顺长城环保优势股票,9.0,2.242,6.816,13.911,9.292,41.261079940248905
003745,广发多元新兴股票,7.0,1.96,9.084,11.157,11.986,41.186918552969
001167,金鹰科技创新股票,9.2,1.92,7.353,15.363,7.294,41.13008880518958
001605,国富沪港深成长精选股票,8.2,2.382,6.813,13.908,9.787,41.0907990885018
000756,建信潜力新蓝筹股票,9.4,2.185,6.874,14.883,7.734,41.076472646136025
164205,天弘文化新兴产业,8.4,2.22,7.196,13.589,9.657,41.063308329738064
001409,工银互联网加股票,8.4,1.91,8.1,14.032,8.561,41.00282651350927
001195,工银农业产业股票,9.2,2.432,6.478,14.282,8.43,40.82286638144706
001576,国泰智能装备股票A,8.2,1.995,8.276,12.651,9.679,40.80094349419454
000524,上投摩根民生需求股票,8.2,2.23,7.425,13.71,9.136,40.70144132850457
001628,招商体育文化休闲股票,9.2,1.852,7.499,14.804,7.224,40.57903011021762
160127,南方新兴消费增长股票(LOF)A,8.4,2.032,7.708,13.34,8.904,40.38368348519354
001163,银华中国梦30股票,8.0,2.36,7.264,13.054,9.687,40.364175720210156
000711,嘉实医疗保健股票,8.2,2.172,7.747,13.255,8.962,40.33614572409697
003624,创金合信资源股票发起式A,7.2,1.985,8.732,11.891,10.502,40.31083154677638
001749,招商中国机遇股票,8.2,2.152,7.528,12.588,9.693,40.16056700438254
003625,创金合信资源股票发起式C,7.2,1.973,8.73,11.804,10.346,40.0523569666904
005009,申万菱信行业轮动股票,8.6,1.622,9.023,13.744,7.039,40.02813395976837
005268,鹏华优势企业,7.6,2.09,7.932,12.012,10.373,40.006814901738885
000996,中银新动力股票,8.2,2.278,7.472,12.601,9.44,39.991693839219664
000867,华宝品质生活股票,8.8,2.07,7.664,13.631,7.72,39.88479210943067
000746,招商行业精选股票基金,6.8,2.62,7.428,10.603,12.367,39.81819008608918
001938,中欧时代先锋股票A,7.8,2.11,7.632,12.719,9.351,39.61252845121716
004241,中欧时代先锋股票C,7.8,2.072,7.632,12.494,9.606,39.604460746617846
000549,华安大国新经济股票,9.2,1.922,7.434,13.877,7.16,39.593850629345184
000418,景顺长城成长之星股票,7.6,2.315,7.423,12.343,9.28,38.96098354355575
001692,南方国策动力,8.0,2.045,7.489,12.799,8.605,38.938254831156925
519673,银河康乐股票,7.6,2.525,6.376,12.203,10.091,38.795230022120336
001404,招商移动互联网产业股票基金,8.0,1.427,8.85,13.929,6.518,38.725484511255615
005328,前海开源价值策略股票,8.8,1.645,7.748,14.187,6.187,38.566636220173194
006002,工银医药健康股票A,7.8,1.492,4.056,16.496,8.594,38.43923959480316
005267,嘉实价值精选股票,7.6,2.525,6.453,12.478,9.149,38.20531455160193
001736,圆信永丰优加生活,8.0,2.397,6.403,12.744,8.613,38.157513004787525
006003,工银医药健康股票C,7.8,1.475,4.056,16.417,8.323,38.071186665050426
002595,博时工业4.0主题股票,8.4,1.843,7.593,13.084,7.036,37.95649352858916
001726,汇添富新兴消费股票,8.2,1.698,8.308,12.984,6.663,37.85294759334175
160919,大成产业升级股票(LOF),8.6,1.998,7.202,13.065,6.979,37.84422271400078
001645,国泰大健康股票A,7.2,2.062,7.426,11.721,9.37,37.77848710660753
006228,中欧医疗创新股票A,7.6,1.288,4.455,16.524,7.75,37.61618893068737
001008,工银国企改革股票,7.6,2.387,6.966,12.146,8.359,37.458647280277475
001313,上投摩根智慧互联股票,8.0,1.763,8.506,12.597,6.579,37.44481066455219
005802,添富智能制造股票,8.8,1.852,6.584,14.414,5.665,37.3148985083496
003416,招商财经大数据股票A,8.4,1.842,6.634,14.568,5.841,37.28452461824734
006229,中欧医疗创新股票C,7.6,1.265,4.456,16.447,7.426,37.19275455359601
001482,上投摩根新兴服务股票,8.0,1.935,7.584,12.058,7.559,37.136960198236046
001703,银华沪港深增长股票,8.4,1.88,7.558,12.867,6.332,37.036818494429845
004698,博时军工主题股票A,7.4,1.69,9.119,10.927,7.876,37.01192659834583
005962,宝盈人工智能股票A,7.6,1.185,4.564,16.434,7.004,36.78709279935096
004686,华夏研究精选股票,8.0,2.063,6.597,13.327,6.753,36.73903367835715
003053,嘉实文体娱乐股票A,8.0,1.538,8.151,13.614,5.382,36.684924761436804
580008,东吴新产业精选股票A,7.8,2.045,6.912,12.677,6.925,36.35761527016087
005963,宝盈人工智能股票C,7.6,1.17,4.564,16.281,6.68,36.29611082957696
003054,嘉实文体娱乐股票C,8.0,1.515,8.16,13.489,5.119,36.28282552583542
001193,中金消费升级,7.6,2.26,6.926,11.726,7.434,35.945841317513064
006257,信达澳银先进智造股票型,7.6,1.212,4.164,16.221,6.265,35.462060150362035
005612,嘉实核心优势股票发起式,7.6,2.128,6.713,12.081,6.927,35.44897266575893
005402,广发资源优选股票A,6.8,1.855,8.238,10.743,7.492,35.12864636722726
001696,南方智造股票,6.8,2.0,7.369,11.164,7.712,35.04545932021262
001042,华夏领先股票,8.4,1.538,7.52,13.519,4.027,35.00358091343119
001577,嘉实低价策略股票,6.8,2.372,6.582,10.829,8.361,34.943353937366126
000082,嘉实研究阿尔法股票,7.8,2.425,5.914,12.612,6.169,34.919927366787185
002332,汇丰晋信沪港深A,8.0,1.55,8.026,12.907,4.377,34.86088828382911
450009,国富中小盘股票,7.2,2.495,5.782,12.154,7.212,34.843288667990144
005237,银华医疗健康量化优选A,7.2,1.742,7.973,11.408,6.441,34.76482994530299
001781,建信现代服务业股票,7.4,1.863,7.403,11.752,6.333,34.751127322323704
004805,长信消费精选量化股票,7.4,1.885,7.527,11.517,6.4,34.7288215932153
006604,嘉实消费精选股票A,7.4,1.615,3.586,15.72,6.371,34.691963227598805
519965,长信量化多策略股票A,8.2,1.832,6.548,13.338,4.693,34.61179321192431
004476,景顺长城沪港深领先科技,7.0,1.973,7.046,11.227,7.308,34.55392012570992
001028,华安物联网主题股票,7.4,1.79,7.355,12.566,5.405,34.51670576704527
000884,民生加银优选股票,7.4,2.3,6.932,10.592,7.269,34.492789572537795
006605,嘉实消费精选股票C,7.4,1.6,3.587,15.647,6.159,34.39340026095355
002333,汇丰晋信沪港深C,8.0,1.52,8.025,12.713,4.092,34.34963912774969
005238,银华医疗健康量化优选C,7.2,1.713,7.973,11.235,6.221,34.34123414043678
004858,长信量化多策略股票C,8.4,1.757,6.546,13.138,4.412,34.25268634654183
006081,海富通电子传媒股票A,7.6,1.002,4.948,15.902,4.753,34.205524875181794
001877,宝盈国家安全沪港深股票,8.4,1.365,7.767,13.131,3.447,34.109737813434116
001672,国寿安保智慧生活股票,8.0,1.79,7.091,12.15,5.075,34.105565661544716
005983,上投摩根核心精选,7.6,1.602,3.123,16.409,5.261,33.99543138938872
003956,南方教育股票,6.0,1.558,9.256,8.866,8.162,33.84200795328425
006080,海富通电子传媒股票C,7.6,0.985,4.948,15.7,4.497,33.730705949309254
006751,富国互联科技股票A,7.2,1.135,4.576,15.016,5.753,33.68109141951317
001105,信达澳银转型创新股票,8.0,1.745,6.946,12.7,4.118,33.50936930447188
001707,诺安高端制造股票,8.0,1.478,7.911,12.358,3.699,33.44505258059421
000326,南方中小盘成长股票,7.8,2.478,5.394,12.284,5.487,33.44251299325156
000866,华宝制造股票,7.2,2.192,6.454,11.758,5.82,33.4244625923313
005777,广发科技动力股票,7.2,1.803,7.341,10.612,6.361,33.31583200548323
001188,鹏华改革红利股票,8.4,1.59,7.193,12.821,3.274,33.278703490852834
671030,西部利得事件驱动股票,8.0,1.34,3.414,16.571,3.884,33.2092044807722
006692,金信消费升级股票A,8.0,1.275,3.67,16.026,4.1,33.071747612312095
005894,华夏优势精选股票,8.0,0.955,4.631,16.14,3.319,33.04448634124332
005569,中融智选红利股票A,8.4,1.515,6.434,13.215,3.46,33.02366688133243
004450,嘉实前沿科技沪港深股票,7.0,1.648,8.148,10.42,5.684,32.89937596616896
001974,景顺长城量化新动力股票,8.0,1.968,6.002,12.533,4.285,32.78831259499857
002229,华夏经济转型股票,7.2,1.753,7.488,10.539,5.732,32.71201106486639
110022,易方达消费行业股票,6.4,1.862,7.857,10.019,6.573,32.71087528006405
002210,创金合信量化多因子股票A,8.2,1.72,6.414,12.673,3.661,32.66834359543098
006693,金信消费升级股票C,8.0,1.252,3.67,15.891,3.822,32.63580485367754
005570,中融智选红利股票C,8.4,1.49,6.435,13.026,3.23,32.581516328939365
540009,汇丰晋信消费红利股票,7.4,2.082,6.444,10.826,5.787,32.53947243877991
003865,创金合信量化多因子股票C,8.2,1.668,6.415,12.412,3.542,32.23673616271889
005189,海富通量化前锋股票A,7.6,1.818,6.408,11.878,4.528,32.23135239020503
006502,财通集成电路产业股票A,7.6,1.04,4.379,15.361,3.792,32.171651243652974
005188,海富通量化前锋股票C,7.6,1.813,6.41,11.838,4.493,32.15463073447897
001048,富国新兴产业股票,7.6,1.53,7.541,12.185,3.292,32.14928114203714
000697,汇添富移动互联股票,7.4,1.615,8.056,10.814,4.092,31.977830964042386
001291,大摩量化多策略股票,7.4,1.862,6.666,12.177,3.832,31.936561696905137
000628,大成高新技术产业股票A,7.0,2.478,5.537,11.257,5.661,31.931953479802587
000761,国富健康优质生活股票,7.0,2.108,6.342,11.741,4.732,31.92300882349759
001521,国寿安保成长优选股票,7.2,1.552,7.508,11.776,3.77,31.807345930039123
000577,安信价值精选股票,7.4,1.965,6.461,11.638,4.197,31.661273855623044
001637,嘉实腾讯自选股大数据策略股票,7.4,1.81,6.201,12.277,3.95,31.638329733740026
001416,嘉实事件驱动股票,7.2,1.64,7.272,11.496,4.026,31.633803974627185
540007,汇丰晋信中小盘股票,6.8,1.675,7.584,10.506,5.014,31.579584946738592
005457,景顺长城量化小盘股票,7.8,1.547,6.746,12.387,3.007,31.487395912746045
340006,兴全全球视野股票,6.8,1.83,6.752,11.245,4.661,31.28884353696676
001528,诺安先进制造股票,7.4,1.89,5.942,12.393,3.662,31.286808987087603
006503,财通集成电路产业股票C,7.2,1.017,4.379,15.175,3.51,31.282223789831207
540010,汇丰晋信科技先锋股票,6.2,1.252,9.768,9.589,3.908,30.718345083532995
000778,鹏华先进制造股票,6.2,2.628,5.87,8.856,7.115,30.66729721182263
001319,农银信息传媒股票,6.8,1.492,7.952,10.094,4.28,30.61858063054394
005660,嘉实资源精选股票A,6.4,1.407,3.893,14.079,4.818,30.597455575486183
001040,新华策略精选股票,6.6,2.117,7.009,9.139,5.677,30.542340907409514
001626,国泰央企改革股票,6.6,2.03,6.534,9.914,5.464,30.541633235023397
002289,华商改革创新股票,7.0,1.515,7.762,10.21,4.027,30.514197832275613
005035,银华信息科技量化股票发起式A,7.2,1.31,7.974,11.257,2.753,30.493218225968583
005620,中欧品质消费股票A,6.0,1.897,6.932,9.589,6.003,30.42120104741079
376510,上投摩根大盘蓝筹股票,6.4,2.018,6.361,10.655,4.964,30.3967292298062
001917,招商量化精选股票A,6.8,1.848,6.312,11.526,3.906,30.391896965100916
004730,建信量化事件驱动股票,7.2,1.898,5.918,11.431,3.897,30.344014183748648
005661,嘉实资源精选股票C,6.4,1.392,3.893,14.001,4.652,30.339334832896387
005826,华夏潜龙精选股票,7.2,1.108,3.729,15.78,2.509,30.32602653943327
005036,银华信息科技量化股票发起式C,7.2,1.292,7.974,11.074,2.603,30.142489456446402
002872,华夏智胜价值成长C,7.6,1.973,6.265,12.026,2.217,30.080465805303273
001520,国投瑞银研究精选股票,6.6,2.122,6.242,9.559,5.532,30.054310278842678
004189,华商消费行业股票,6.8,1.575,7.384,10.412,3.519,29.68936216810948
005621,中欧品质消费股票C,6.0,1.85,6.931,9.306,5.555,29.641687910890465
000471,富国城镇发展股票,6.4,2.208,6.132,9.658,4.985,29.382439083558506
673090,西部利得个股精选股票,6.8,2.128,5.455,11.118,3.85,29.350139712739676
519606,国泰金鑫股票,6.4,1.625,7.179,10.304,3.805,29.31212138475141
002871,华夏智胜价值成长A,7.6,1.527,5.938,12.156,2.081,29.303215695351003
001725,汇添富高端制造股票,6.8,1.805,6.334,10.521,3.605,29.06457930631443
001685,汇添富沪港深新价值股票,7.2,1.17,7.721,11.358,1.397,28.846149012363263
000457,上投摩根核心成长股票,6.4,1.997,6.072,11.039,3.308,28.815972640799558
002621,中欧消费主题股票A,6.2,1.73,6.908,9.206,4.76,28.804042196922644
001651,工银新蓝筹股票A,6.2,2.238,5.719,9.537,5.007,28.699922566422885
006981,中金新医药股票A,6.8,1.022,4.219,13.971,2.613,28.625340359655187
005161,华商上游产业股票,6.2,1.638,6.846,10.16,3.576,28.41910460172357
007005,中金新医药股票C,6.8,1.005,4.22,13.861,2.44,28.32623639361619
001764,广发沪港深新机遇股票,6.0,1.43,7.79,10.078,2.856,28.15393453535692
002697,中欧消费主题股票C,6.2,1.682,6.908,8.912,4.366,28.06948157799093
000925,汇添富外延增长股票A,6.0,1.682,7.033,10.453,2.846,28.01500148528227
001719,工银国家战略股票,6.0,1.555,8.079,7.96,4.192,27.785815680220743
519975,长信量化中小盘股票,6.2,1.55,6.956,10.127,2.914,27.746377161627308
004716,信诚量化阿尔法股票A,6.8,1.89,5.917,9.989,3.047,27.64310803350904
006671,广发消费升级股票,6.6,1.092,3.93,13.688,2.149,27.459059206008128
001097,华泰柏瑞积极优选股票,7.2,1.33,7.05,10.628,1.246,27.453809528262735
001044,嘉实新消费股票,6.0,2.17,5.964,9.424,3.814,27.37261869053703
004352,北信瑞丰研究精选,6.6,1.32,7.548,9.896,1.979,27.343939889139982
009147,建信新能源行业股票,6.4,0.502,1.686,17.647,1.018,27.253102273531127
002121,广发沪港深新起点股票A,6.2,1.33,7.639,10.202,1.721,27.091430076363523
005635,博时量化多策略股票A,6.8,1.83,5.676,10.435,2.327,27.068251283339986
007130,中庚小盘价值股票,6.6,1.135,3.15,14.866,1.215,26.96620506517868
160133,南方天元新产业股票(LOF),5.8,1.97,6.378,7.825,4.877,26.849654019374814
005106,银华农业产业股票发起式,5.2,1.965,6.676,7.31,5.568,26.719675119917248
000586,景顺长城中小创精选股票,6.6,1.37,7.218,9.714,1.8,26.702410196963065
001878,嘉实沪港深精选股票,6.4,1.443,7.318,9.411,1.939,26.51066359594265
001050,汇添富成长多因子量化策略股票,6.6,1.86,5.798,9.967,2.233,26.45740678751064
001208,诺安低碳经济股票A,6.6,2.305,4.88,9.95,2.583,26.318484783184733
005636,博时量化多策略股票C,6.8,1.765,5.678,10.054,1.906,26.202619850083963
519935,长信创新驱动股票,6.2,1.115,8.311,9.263,1.093,25.981702008900328
000411,景顺长城优质成长股票,6.4,1.833,5.912,9.503,1.922,25.569569622277644
008009,华商高端装备制造股票,6.4,0.53,1.369,17.411,-0.298,25.411699230380705
001421,南方量化成长,6.4,1.188,7.864,8.681,0.901,25.034448321812302
007750,广发优势增长股票,6.4,0.425,1.443,17.499,-0.792,24.975226437184812
001849,前海开源强势共识100强股票,6.2,1.745,5.839,8.835,2.356,24.9749452590193
006193,鑫元核心资产A,6.8,1.19,2.923,13.652,0.39,24.955005809690704
000955,南方产业活力,5.4,1.81,6.644,7.943,2.881,24.677920432512785
006194,鑫元核心资产C,6.8,1.16,2.923,13.438,0.168,24.48847314362713
006478,长盛多因子策略优选,6.0,1.142,3.59,12.594,1.157,24.48266201124193
320020,诺安策略精选股票,6.0,2.02,4.775,9.568,1.928,24.291296648517573
004292,鹏华沪深港互联网股票,6.0,1.018,7.722,7.773,1.707,24.218443800826098
001541,汇添富民营新动力股票,5.2,1.635,6.845,7.56,2.978,24.218432247824914
003298,嘉实物流产业股票A,5.2,1.99,5.5,8.412,3.015,24.11717054228756
004403,平安股息精选沪港深A,6.0,1.462,6.221,9.087,1.13,23.900667680846478
000916,前海开源股息率100强股票,6.2,1.998,4.756,9.872,0.909,23.734827797258212
003299,嘉实物流产业股票C,5.2,1.957,5.512,8.211,2.806,23.687030100045213
360001,光大量化股票,5.8,1.498,6.044,9.234,1.081,23.656025271044125
519193,万家消费成长,5.0,1.635,7.14,6.675,3.107,23.55755369131426
000978,景顺长城量化精选股票,6.2,1.378,6.264,9.575,0.001,23.416805472321656
006346,安信量化优选股票A,6.4,1.075,3.038,12.891,-0.215,23.18975335604942
003634,嘉实农业产业股票,4.8,1.638,7.392,6.559,2.789,23.17709895989203
004404,平安股息精选沪港深C,6.0,1.405,6.222,8.663,0.748,23.03850207175912
001047,光大国企改革股票,5.4,1.64,6.793,7.313,1.78,22.926292307404932
006347,安信量化优选股票C,6.0,1.062,3.038,12.732,-0.33,22.502180803938955
920003,中金新锐股票A,6.4,0.465,1.15,16.854,-2.372,22.49749964454302
920923,中金新锐股票C,6.4,0.458,1.15,16.794,-2.431,22.370632930148794
003070,光大创业板量化优选C,6.4,0.358,1.384,16.636,-2.414,22.362871325080864
008177,建信高股息主题股票,6.0,0.57,1.26,16.073,-1.559,22.34418818621206
001162,前海开源优势蓝筹股票A,5.4,1.542,6.67,7.681,1.01,22.303376436600836
001638,前海开源优势蓝筹股票C,5.4,1.378,6.61,7.652,0.995,22.03401468108792
001733,泰达宏利量化股票,5.2,1.445,6.093,8.351,0.543,21.632268875433223
009162,富国医药成长30股票,5.8,0.26,1.688,16.173,-2.406,21.513990992554085
007952,招商财经大数据股票C,5.8,0.482,1.189,16.292,-2.251,21.511747753517497
006923,前海开源沪港深非周期股票A,6.0,0.747,3.73,12.185,-1.175,21.487474419684634
167702,德邦量化优选股票(LOF)A,5.8,1.535,5.845,7.325,0.943,21.448255917312288
006924,前海开源沪港深非周期股票C,6.0,0.743,3.73,12.091,-1.24,21.322781757455804
001579,国泰大农业股票,4.4,1.86,6.216,5.481,3.329,21.286414381480967
006251,银华兴盛股票,6.0,0.428,1.36,15.966,-2.507,21.246222451446197
008958,嘉实回报精选股票,6.0,0.418,1.374,16.005,-2.556,21.2405374819144
009163,广发医疗保健股票C,5.8,0.288,1.606,15.958,-2.479,21.171802829087532
163110,申万菱信量化小盘股票,5.4,1.33,6.078,8.187,0.142,21.1374777759049
005502,华泰紫金智能量化股票发起,5.6,1.438,6.234,6.958,0.611,20.83992246998832
167703,德邦量化优选股票(LOF)C,5.4,1.515,5.846,7.205,0.798,20.763659473160757
162107,金鹰量化精选股票(LOF),5.4,1.098,6.8,7.99,-0.619,20.66838745595557
000893,工银创新动力股票,5.8,1.91,4.796,7.743,0.315,20.564021561225974
005628,汇安趋势动力股票A,5.6,0.69,7.642,8.085,-1.534,20.483511833186075
008264,南方ESG股票A,5.8,0.448,1.336,15.528,-2.666,20.44653157704627
004350,汇丰晋信价值先锋股票,5.2,1.128,3.013,11.327,-0.296,20.371719856918258
007470,博道叁佰智航股票A,5.2,1.122,2.956,11.524,-0.461,20.342439634227688
008265,南方ESG股票C,5.8,0.442,1.337,15.455,-2.739,20.295943198538346
007471,博道叁佰智航股票C,5.2,1.108,2.956,11.352,-0.575,20.04143696776252
006868,华夏科技成长股票,5.0,0.923,3.86,10.153,-0.015,19.921364336476493
006675,宝盈品牌消费股票A,5.4,0.762,3.578,11.261,-1.213,19.789039230256193
009954,北信瑞丰优选成长,4.8,0.0,0.0,17.936,-3.0,19.736342132297416
005629,汇安趋势动力股票C,5.2,0.66,7.639,7.871,-1.77,19.600264031284283
160322,华夏港股通精选股票LOF,6.4,0.247,1.551,10.179,0.977,19.353988586181774
900029,中信证券量化优选A,5.8,0.428,1.137,15.265,-3.511,19.118276299452162
005970,国泰消费优选股票,5.6,1.002,3.122,10.377,-0.99,19.110658876731126
006676,宝盈品牌消费股票C,5.0,0.733,3.58,11.063,-1.432,18.943142646511653
900030,中信证券量化优选C,5.8,0.42,1.137,15.122,-3.603,18.87591816365421
540006,汇丰晋信大盘股票A,4.4,1.467,6.55,5.773,0.637,18.828117122689772
001277,博时国企改革股票,5.0,1.325,5.776,7.778,-1.101,18.778815305970145
007137,鹏扬元合量化大盘A,5.2,0.495,1.182,14.786,-2.889,18.774652679720273
010128,宝盈发展新动能股票A,4.8,0.0,0.0,17.749,-3.95,18.598511317480284
010129,宝盈发展新动能股票C,4.8,0.0,0.0,17.737,-3.974,18.563639735044347
007138,鹏扬元合量化大盘C,5.2,0.488,1.182,14.671,-2.988,18.553505409687073
004484,泰达宏利业绩股票A,4.2,1.535,5.882,6.058,0.612,18.286444598739795
005209,东吴双三角股票A,4.4,0.912,7.932,5.798,-0.991,18.051433024415886
007548,易方达ESG责任投资股票,5.0,0.463,1.387,14.214,-3.025,18.038235784993308
008445,融通产业趋势先锋股票,6.0,0.0,0.0,15.316,-3.468,17.847608597246566
009491,宝盈创新驱动股票A,4.8,0.0,0.0,17.422,-4.427,17.794342755683214
009492,宝盈创新驱动股票C,4.8,0.0,0.0,17.386,-4.45,17.73608147619438
004485,泰达宏利业绩股票C,4.2,1.5,5.883,5.766,0.341,17.69013466110817
005210,东吴双三角股票C,4.4,0.89,7.932,5.612,-1.226,17.608489542517624
010685,工银前沿医疗股票C,4.6,0.0,0.0,17.014,-4.043,17.57083119593434
001583,安信新常态股票A,4.8,1.372,5.847,6.015,-0.576,17.45746270642097
002387,工银沪港深股票A,4.8,1.04,7.29,6.322,-2.198,17.25340832872634
005505,前海开源中药股票A,4.4,1.135,6.462,5.73,-0.527,17.20014536248896
008294,朱雀企业优胜A,5.4,0.0,0.0,14.886,-3.101,17.184181141665213
006195,国金量化多因子,5.4,0.755,2.602,11.204,-2.848,17.113011628053293
007685,华商电子行业量化股票,5.2,0.238,1.435,14.207,-4.025,17.054480051333684
005506,前海开源中药股票C,4.4,1.128,6.459,5.637,-0.627,16.99649459343098
008860,民生加银龙头优选股票,4.6,0.475,1.264,13.768,-3.178,16.928976206733875
008286,易方达研究精选股票,4.6,0.463,1.304,13.848,-3.304,16.91148102832684
007523,汇添富内需增长股票A,5.2,0.358,1.395,13.645,-3.842,16.75613702640735
009017,银华港股通精选股票发起式,5.0,0.235,1.501,14.107,-4.177,16.665141680162794
000979,景顺长城沪港深精选股票,4.8,1.685,4.27,6.938,-1.064,16.629983988782882
009398,华富成长企业精选股票,5.6,0.0,0.0,14.863,-3.84,16.62296434052569
008295,朱雀企业优胜C,5.0,0.0,0.0,14.767,-3.193,16.573142147493563
010003,景顺长城电子信息产业股票A,4.4,0.0,0.0,16.737,-4.623,16.5134944342008
010004,景顺长城电子信息产业股票C,4.4,0.0,0.0,16.704,-4.642,16.462643830785844
007590,华宝绿色领先股票,5.2,0.3,1.174,13.673,-4.029,16.317575132405807
009513,创金同顺创业板精选股票A,4.6,0.0,0.0,16.707,-5.061,16.24596675605546
009476,建信食品饮料行业股票,4.8,0.0,0.0,16.599,-5.163,16.235380526566203
007512,工银沪港深股票C,4.8,0.587,3.834,10.1,-3.09,16.230433680191933
009514,创金同顺创业板精选股票C,4.6,0.0,0.0,16.675,-5.084,16.19085868970236
010812,中银战略新兴产业股票C,4.4,0.0,0.0,16.709,-4.988,16.121188206009528
007524,汇添富内需增长股票C,4.8,0.352,1.394,13.48,-3.914,16.11252179976726
008412,长盛竞争优势股票A,4.4,0.0,0.0,16.532,-4.858,16.073326964672447
005960,博时量化价值股票A,4.8,0.925,2.642,10.105,-2.403,16.069449234178204
011323,国泰智能汽车股票C,3.2,0.0,0.0,17.775,-4.957,16.0181292248924
008413,长盛竞争优势股票C,4.4,0.0,0.0,16.48,-4.894,15.985327623185974
000974,安信消费医药股票,4.0,1.265,6.896,4.935,-1.222,15.874598354382066
007586,华泰保兴多策略,4.8,0.0,0.0,14.228,-3.178,15.849839331177247
011146,创金气候变化责任投资股票A,3.2,0.0,0.0,17.794,-5.225,15.768703345722265
011147,创金气候变化责任投资股票C,3.2,0.0,0.0,17.792,-5.232,15.759432622903383
009043,九泰久信量化股票,4.8,0.115,1.057,13.999,-4.288,15.682674054003861
006803,嘉实互通精选股票,4.2,0.892,2.818,9.995,-2.268,15.638181093610363
011328,景顺长城新能源产业股票A,3.2,0.0,0.0,17.723,-5.312,15.611309807223545
011329,景顺长城新能源产业股票C,3.2,0.0,0.0,17.718,-5.314,15.603936427228415
010161,广发瑞安精选股票A,4.4,0.0,0.0,16.414,-5.236,15.578586650492795
010162,广发瑞安精选股票C,4.4,0.0,0.0,16.376,-5.253,15.52265579889619
005516,银华中小市值量化优选C,4.4,0.97,6.241,6.038,-2.134,15.514749082456115
007831,博道伍佰智航股票A,4.8,0.308,1.02,13.709,-4.402,15.435046463840415
005515,银华中小市值量化优选A,4.4,0.952,6.233,6.073,-2.224,15.434639069208528
007832,博道伍佰智航股票C,4.8,0.305,1.021,13.638,-4.434,15.330687300046915
009537,太平行业优选股票A,4.4,0.0,0.0,16.143,-5.288,15.255394130610842
010236,广发电子信息传媒股票C,4.4,0.0,0.0,16.314,-5.483,15.231365965485548
009538,太平行业优选股票C,4.4,0.0,0.0,16.085,-5.309,15.175167500022491
004606,上投摩根优选多因子股票,3.6,1.35,5.898,4.989,-0.67,15.167094281074498
009852,银华品质消费股票,4.4,0.0,0.0,16.076,-5.395,15.080427046823875
008107,华商医药医疗行业股票,4.6,0.198,1.498,12.918,-4.146,15.067763341214828
011126,富国互联科技股票C,3.2,0.0,0.0,17.548,-5.704,15.043604981618067
005961,博时量化价值股票C,4.4,0.895,2.641,9.664,-2.606,14.994245762755696
007950,招商量化精选股票C,4.4,0.385,0.992,13.487,-4.314,14.951256698284947
009875,天弘甄选食品饮料股票A,4.6,0.0,0.0,15.892,-5.573,14.919172318758031
009876,天弘甄选食品饮料股票C,4.6,0.0,0.0,15.868,-5.581,14.886513571624963
010387,易方达医药生物股票A,4.4,0.0,0.0,15.836,-5.442,14.79333688665009
008230,九泰天辰量化新动力,4.4,0.292,1.041,13.501,-4.469,14.766108237602907
008314,上投摩根慧选成长A,4.2,0.4,1.305,12.779,-4.037,14.648288563236097
010495,创金合信创新驱动股票A,3.2,0.0,0.0,17.372,-5.938,14.633685316232
011377,创金合信积极成长股票A,3.2,0.0,0.0,17.373,-5.942,14.630855497107962
011378,创金合信积极成长股票C,3.2,0.0,0.0,17.364,-5.95,14.614512545005068
010496,创金合信创新驱动股票C,3.2,0.0,0.0,17.352,-5.951,14.600685856009125
000688,景顺长城研究精选股票,3.8,1.192,6.0,5.296,-1.835,14.453021103579243
011425,广发优势成长股票A,3.2,0.0,0.0,17.241,-6.0,14.441027507675193
011426,广发优势成长股票C,3.2,0.0,0.0,17.235,-6.006,14.429092408196341
008315,上投摩根慧选成长C,4.2,0.393,1.305,12.598,-4.126,14.369987633168591
011322,国泰智能装备股票C,3.2,0.0,0.0,17.166,-6.019,14.347320441255306
010388,易方达医药生物股票C,4.0,0.0,0.0,15.789,-5.459,14.330221993066836
167705,德邦量化新锐股票A,4.0,0.985,6.302,4.893,-2.074,14.106516998898936
011142,创金合信新材料新能源股票A,2.8,0.0,0.0,17.078,-5.788,14.090854687272191
009502,国寿安保创新医药股票A,3.0,0.0,0.0,16.997,-5.922,14.075907810250467
011143,创金合信新材料新能源股票C,2.8,0.0,0.0,17.068,-5.797,14.071617167466407
009503,国寿安保创新医药股票C,3.0,0.0,0.0,16.99,-5.927,14.063320468321688
010687,工银文体产业股票C,4.2,0.0,0.0,15.414,-5.647,13.96747737466072
167706,德邦量化新锐股票C,4.0,0.968,6.302,4.805,-2.184,13.891185666930815
008537,兴银研究精选股票A,4.0,0.0,0.0,15.605,-5.767,13.838580618869726
011229,创金合信数字经济主题股票A,2.8,0.0,0.0,17.111,-6.139,13.772042732920841
011230,创金合信数字经济主题股票C,2.8,0.0,0.0,17.099,-6.147,13.752210814479419
008538,兴银研究精选股票C,4.0,0.0,0.0,15.531,-5.796,13.735419451786482
007133,嘉实长青竞争优势股票A,3.8,0.943,2.558,8.784,-2.354,13.731104618780948
010322,大摩新兴产业股票,2.8,0.0,0.0,17.031,-6.166,13.664968639840195
009265,易方达消费精选股票,4.2,0.315,1.224,12.395,-4.606,13.528020959115253
009794,太平智选一年定开股票,3.8,0.0,0.0,15.481,-5.791,13.48938338321739
009891,融通产业趋势臻选股票,4.0,0.0,0.0,15.009,-5.521,13.487840680053619
011592,博时军工主题股票C,2.8,0.0,0.0,16.907,-6.259,13.448424520284885
011149,创金合信ESG责任投资股票A,2.8,0.0,0.0,16.82,-6.283,13.337082885496852
001178,前海开源再融资股票,4.0,1.325,5.522,4.151,-1.662,13.33696205970143
007134,嘉实长青竞争优势股票C,3.8,0.915,2.558,8.542,-2.501,13.313975435222833
011150,创金合信ESG责任投资股票C,2.8,0.0,0.0,16.801,-6.29,13.310911822839898
009414,中银大健康股票A,4.4,0.0,0.0,13.105,-4.203,13.301386861684097
010245,广发品牌消费股票发起式C,4.2,0.0,0.0,14.911,-5.916,13.195038790919941
008166,工银消费股票A,4.0,0.395,1.156,11.914,-4.33,13.134705953175576
009557,申万菱信创业板量化精选股票A,4.0,0.0,0.0,14.868,-5.751,13.116415532108626
009874,九泰久睿量化股票,4.0,0.0,0.0,15.006,-5.945,13.060399685748333
011077,汇丰晋信创新先锋,2.8,0.0,0.0,16.614,-6.376,13.03782284504841
010505,申万菱信创业板量化精选股票C,4.0,0.0,0.0,14.793,-5.767,13.02513783665546
009341,易方达均衡成长股票,4.0,0.21,1.1,12.425,-4.935,12.800065748732504
012181,中银智能制造股票C,1.6,0.0,0.0,17.672,-6.522,12.75089490657428
009877,中银内核驱动股票A,3.6,0.0,0.0,14.977,-5.84,12.736812732174002
011104,光大智能汽车主题股票,2.8,0.0,0.0,16.405,-6.479,12.726281698416273
011685,创金合信先进装备股票A,1.6,0.0,0.0,17.582,-6.603,12.579910734297986
011686,创金合信先进装备股票C,1.6,0.0,0.0,17.578,-6.605,12.573159134613938
008234,光大消费主题股票,3.8,0.43,1.233,11.299,-4.194,12.56816302446983
002952,建信多因子量化股票,4.0,0.92,6.276,3.897,-2.561,12.532337289509265
011457,新华行业龙头主题股票,1.6,0.0,0.0,17.502,-6.621,12.480331632915245
001678,英大国企改革主题股票,3.2,1.12,2.548,7.859,-2.281,12.446002098993286
008167,工银消费股票C,3.6,0.385,1.156,11.679,-4.42,12.399967477283287
011025,九泰久元量化A,2.4,0.0,0.0,16.432,-6.435,12.396157824991256
011026,九泰久元量化C,2.4,0.0,0.0,16.411,-6.443,12.3679543200317
009039,九泰久远量化驱动A,4.0,0.22,1.026,12.155,-5.04,12.360602381819279
009988,信达澳银蓝筹精选股票,3.4,0.0,0.0,14.631,-5.693,12.33820192447737
010024,广发沪港深新起点股票C,3.8,0.0,0.0,14.674,-6.138,12.33636489981781
012238,工银养老产业股票C,1.6,0.0,0.0,17.393,-6.671,12.322184490888272
005662,嘉实金融精选股票A,3.6,1.027,6.336,3.638,-2.29,12.311538387396226
010391,易方达战略新兴产业股票A,2.6,0.0,0.0,16.25,-6.54,12.309846231636708
011478,工银美丽城镇股票C,2.6,0.0,0.0,16.079,-6.398,12.281265778313397
010392,易方达战略新兴产业股票C,2.6,0.0,0.0,16.226,-6.547,12.279036346271626
011463,长城量化精选股票C,2.4,0.0,0.0,16.26,-6.423,12.236971021901262
010013,易方达信息行业精选股票,3.6,0.0,0.0,14.433,-5.853,12.179468551761829
001223,鹏华文化传媒娱乐股票,3.4,0.948,6.837,3.852,-2.904,12.132615098950184
011601,前海开源公共卫生股票A,1.4,0.0,0.0,17.273,-6.654,12.018889315583934
011602,前海开源公共卫生股票C,1.4,0.0,0.0,17.267,-6.656,12.011597286152599
007388,上投摩根研究驱动A,4.0,0.258,1.066,11.505,-4.852,11.976120617272997
011125,富国文体健康股票C,2.4,0.0,0.0,16.139,-6.574,11.965868000236082
007903,长城量化小盘股票,3.8,0.215,1.046,12.015,-5.111,11.964816493668705
006926,长城量化精选股票A,4.0,0.56,2.857,8.289,-3.748,11.957264837915947
010777,浙商智选家居股票A,1.4,0.0,0.0,17.272,-6.737,11.935110976983054
010778,浙商智选家居股票C,1.4,0.0,0.0,17.269,-6.738,11.930868380634172
011470,东吴新产业精选股票C,2.2,0.0,0.0,16.1,-6.397,11.903327461240817
160144,南方新兴消费增长股票(LOF)C,3.6,0.0,0.0,14.512,-6.218,11.89447954837831
011506,建信高端装备股票A,1.4,0.0,0.0,17.195,-6.755,11.840181875349398
005663,嘉实金融精选股票C,3.6,0.995,6.336,3.427,-2.522,11.836308157582772
011507,建信高端装备股票C,1.4,0.0,0.0,17.191,-6.757,11.83434966989611
010141,朱雀企业优选A,3.4,0.0,0.0,14.578,-6.158,11.820456462303142
010709,安信医药健康股票A,2.4,0.0,0.0,15.736,-6.362,11.77389284614685
009379,中银成长优选股票,1.4,0.0,0.0,17.139,-6.773,11.765629357717593
010710,安信医药健康股票C,2.4,0.0,0.0,15.714,-6.37,11.743684940945531
012126,泰达宏利新能源股票A,0.8,0.0,0.0,17.816,-6.872,11.743582706580902
012127,泰达宏利新能源股票C,0.8,0.0,0.0,17.816,-6.872,11.743582706580902
011122,汇添富ESG可持续成长A,0.8,0.0,0.0,17.812,-6.873,11.739424270163287
011123,汇添富ESG可持续成长C,0.8,0.0,0.0,17.809,-6.873,11.735760638297872
011285,民生价值优选6个月持有股票A,0.8,0.0,0.0,17.793,-6.875,11.717526892627413
011286,民生价值优选6个月持有股票C,0.8,0.0,0.0,17.793,-6.875,11.717526892627413
011645,国泰核心价值两年持有期股票A,0.8,0.0,0.0,17.762,-6.88,11.681554205838694
011923,大成消费精选股票A,0.8,0.0,0.0,17.762,-6.88,11.681554205838694
011646,国泰核心价值两年持有期股票C,0.8,0.0,0.0,17.76,-6.88,11.679374987629888
005433,申万菱信医药先锋股票,3.2,0.0,0.0,13.905,-5.426,11.678421580641963
011926,大成消费精选股票C,0.8,0.0,0.0,17.756,-6.88,11.675216551212273
011418,汇添富消费精选两年持有股票A,1.4,0.0,0.0,17.061,-6.793,11.66852647530544
010331,天弘消费股票A,1.4,0.0,0.0,17.061,-6.793,11.668277295948323
010332,天弘消费股票C,1.4,0.0,0.0,17.052,-6.794,11.657949506901668
011419,汇添富消费精选两年持有股票C,1.4,0.0,0.0,17.042,-6.795,11.646955057143401
009040,九泰久远量化驱动C,3.6,0.21,1.026,11.926,-5.122,11.639434436506525
010142,朱雀企业优选C,3.4,0.0,0.0,14.42,-6.19,11.63007601705971
007389,上投摩根研究驱动C,4.0,0.25,1.065,11.242,-4.939,11.618113958867585
011042,国泰价值先锋股票A,2.0,0.0,0.0,15.947,-6.567,11.38033029383065
011043,国泰价值先锋股票C,2.0,0.0,0.0,15.913,-6.579,11.333678116499142
010892,中银证券精选行业股票A,2.2,0.0,0.0,15.726,-6.606,11.320431271504042
011498,富国沪深300基本面精选股票A,0.6,0.0,0.0,17.6,-6.893,11.30764792182088
011499,富国沪深300基本面精选股票C,0.6,0.0,0.0,17.6,-6.893,11.30764792182088
010893,中银证券精选行业股票C,2.2,0.0,0.0,15.7,-6.612,11.287470294400155
006818,安信盈利驱动股票A,3.2,0.995,2.832,6.871,-2.636,11.262563647283061
010321,中银大健康股票C,3.2,0.0,0.0,14.125,-6.079,11.24691761309657
008261,招商研究优选股票A,3.0,0.383,1.137,11.252,-4.603,11.168881032003563
009733,创金合信港股通大消费精选股票A,3.2,0.0,0.0,14.027,-6.145,11.082164024784811
009106,嘉合同顺智选股票A,3.8,0.222,0.838,11.515,-5.346,11.028966612322366
008283,易方达金融行业股票,3.4,0.355,1.09,11.117,-4.948,11.014665406214197
012600,中银内核驱动股票C,0.4,0.0,0.0,17.465,-6.901,10.964166279069767
011321,国泰大健康股票C,2.0,0.0,0.0,15.634,-6.673,10.961701074312499
010469,圆信永丰聚优股票A,1.2,0.0,0.0,16.623,-6.863,10.959584111303926
010361,嘉实品质优选股票A,0.4,0.0,0.0,17.449,-6.902,10.947332533399305
010362,嘉实品质优选股票C,0.4,0.0,0.0,17.448,-6.902,10.9456481197427
010470,圆信永丰聚优股票C,1.2,0.0,0.0,16.607,-6.865,10.941756930776538
005707,富国港股通量化精选股票型,3.8,0.547,6.166,4.659,-4.247,10.92485670606666
009734,创金合信港股通大消费精选股票C,3.2,0.0,0.0,13.892,-6.174,10.917118450337494
008262,招商研究优选股票C,3.0,0.375,1.136,10.987,-4.692,10.806604151459101
004098,前海开源港股通股息率50强,4.0,0.45,5.627,5.487,-4.908,10.65623387861621
006819,安信盈利驱动股票C,2.8,0.98,2.832,6.751,-2.751,10.611539217295093
010120,九泰久福量化股票A,2.0,0.0,0.0,15.367,-6.78,10.587229760423561
008085,海富通先进制造股票A,3.6,0.06,1.654,10.933,-5.688,10.558616842160479
010121,九泰久福量化股票C,2.0,0.0,0.0,15.341,-6.787,10.554397586802159
010680,华夏新兴成长股票A,2.0,0.0,0.0,15.326,-6.786,10.539462779219441
011651,招商港股通核心精选股票A,1.0,0.0,0.0,16.425,-6.892,10.532406587273787
009896,广发港股通成长精选股票A,3.0,0.0,0.0,13.81,-6.288,10.522306648366904
008854,南方内需增长两年股票A,3.4,0.302,1.143,10.762,-5.099,10.50842571992212
011652,招商港股通核心精选股票C,1.0,0.0,0.0,16.395,-6.896,10.499222966408492
010681,华夏新兴成长股票C,2.0,0.0,0.0,15.272,-6.796,10.475863028609897
009107,嘉合同顺智选股票C,3.4,0.215,0.838,11.413,-5.4,10.46589738671129
008084,海富通先进制造股票C,3.6,0.057,1.654,10.862,-5.725,10.448532813146329
009897,广发港股通成长精选股票C,3.0,0.0,0.0,13.752,-6.303,10.448154683305434
007965,民生加银品质消费股票A,3.2,0.372,1.259,10.298,-4.702,10.42827999731578
010592,南方医药创新股票A,2.0,0.0,0.0,15.244,-6.816,10.427683993954716
009805,国泰医药健康股票A,3.0,0.0,0.0,13.624,-6.215,10.40958702421261
010593,南方医药创新股票C,2.0,0.0,0.0,15.205,-6.825,10.379714943293408
011066,大成高新技术产业股票C,2.0,0.0,0.0,15.178,-6.8,10.378197559400906
011013,长城消费30股票A,1.0,0.0,0.0,16.248,-6.906,10.342265742814043
010585,创金合信医药消费股票A,3.2,0.0,0.0,13.167,-6.039,10.32791442075209
011014,长城消费30股票C,1.0,0.0,0.0,16.231,-6.909,10.322522722217931
011384,南方远见回报股票A,0.8,0.0,0.0,16.365,-6.846,10.319280997447693
011385,南方远见回报股票C,0.8,0.0,0.0,16.349,-6.848,10.301053816920309
010204,中银港股通优势成长股票,2.0,0.0,0.0,15.133,-6.835,10.29780322417285
007966,民生加银品质消费股票C,3.2,0.368,1.259,10.192,-4.745,10.273276489139477
008855,南方内需增长两年股票C,3.4,0.295,1.143,10.591,-5.162,10.267066526521827
011473,工银战略转型股票C,1.6,0.0,0.0,15.444,-6.782,10.26207656257355
010703,财通智选消费股票A,2.0,0.0,0.0,15.019,-6.766,10.252896414991586
010704,财通智选消费股票C,2.0,0.0,0.0,14.994,-6.771,10.223265494109981
010586,创金合信医药消费股票C,3.2,0.0,0.0,13.076,-6.06,10.215690863088419
007853,华商计算机行业量化股票,3.4,0.12,1.312,10.865,-5.602,10.096025106927215
003232,创金合信金融地产A,2.8,0.723,7.331,2.659,-3.421,10.09208541767402
002334,汇丰晋信大盘波动股票A,3.4,0.952,4.26,4.944,-3.466,10.090094803530924
008134,鹏华优选价值股票,3.4,0.233,0.984,10.873,-5.43,10.059637358684405
011236,上投摩根行业睿选股票A,1.8,0.0,0.0,14.991,-6.809,9.981626072298589
009126,嘉实基础产业优选股票A,3.2,0.38,0.916,10.686,-5.222,9.95931231543309
011237,上投摩根行业睿选股票C,1.8,0.0,0.0,14.951,-6.816,9.934846867591002
011424,汇添富外延增长股票C,1.6,0.0,0.0,15.066,-6.773,9.892196235446082
010196,易方达核心优势股票A,1.8,0.0,0.0,14.855,-6.869,9.786148029840977
010801,长江量化消费精选股票A,1.8,0.0,0.0,14.846,-6.88,9.766762594477916
011722,前海开源深圳特区精选股票A,0.8,0.0,0.0,15.91,-6.968,9.74221514287607
011723,前海开源深圳特区精选股票C,0.8,0.0,0.0,15.908,-6.968,9.739786745310147
010998,博道消费智航,0.8,0.0,0.0,15.877,-6.944,9.733236139049113
010802,长江量化消费精选股票C,1.8,0.0,0.0,14.811,-6.889,9.722404713753367
010434,红土创新医疗保健股票,3.0,0.0,0.0,13.038,-6.377,9.660296437596209
002335,汇丰晋信大盘波动股票C,3.4,0.9,4.26,4.763,-3.673,9.649526849623678
003233,创金合信金融地产C,2.8,0.685,7.334,2.456,-3.69,9.585362867473595
006781,汇丰晋信港股通精选股票,3.4,0.44,3.116,7.406,-4.791,9.56985019704929
011295,信诚量化阿尔法股票C,0.6,0.0,0.0,15.815,-6.942,9.473372982918708
009127,嘉实基础产业优选股票C,2.8,0.375,0.916,10.586,-5.273,9.403162783434617
010197,易方达核心优势股票C,1.4,0.0,0.0,14.827,-6.874,9.352768809217448
010349,诺安低碳经济股票C,2.4,0.0,0.0,13.365,-6.44,9.32493111754085
010001,创金合信研究精选股票A,2.6,0.0,0.0,13.069,-6.396,9.27387331418786
008075,招商核心优选股票A,3.2,0.3,1.221,9.801,-5.33,9.191444390761795
008382,融通产业趋势股票,3.0,0.178,1.378,10.091,-5.469,9.177077947740568
009658,汇丰晋信中小盘低波动策略股票A,2.6,0.0,0.0,13.003,-6.427,9.175155713729552
010002,创金合信研究精选股票C,2.6,0.0,0.0,12.967,-6.421,9.145335015300452
010815,农银新兴消费股票,1.4,0.0,0.0,14.617,-6.96,9.056598848555172
009775,汇丰晋信中小盘低波动策略股票C,2.6,0.0,0.0,12.867,-6.459,9.008463501320973
011326,国泰医药健康股票C,1.4,0.0,0.0,14.447,-6.87,8.977066473520768
008934,大成科技消费股票A,2.8,0.0,0.0,12.531,-6.466,8.86502281251924
010896,太平价值增长股票A,0.4,0.0,0.0,15.368,-7.034,8.734926333187133
010897,太平价值增长股票C,0.4,0.0,0.0,15.355,-7.036,8.718969892849222
007614,德邦民裕进取量化精锐股票A,3.6,0.182,0.976,10.271,-6.314,8.71556115437259
011179,浙商智选食品饮料股票A,0.4,0.0,0.0,15.333,-7.034,8.698168695683156
011180,浙商智选食品饮料股票C,0.4,0.0,0.0,15.325,-7.036,8.689293893880983
006106,景顺长城量化港股通股票,3.0,0.192,0.834,10.497,-5.853,8.67024931781679
001663,中银互联网+股票,2.2,0.63,7.276,2.146,-3.637,8.613790943095895
007615,德邦民裕进取量化精锐股票C,3.6,0.175,0.976,10.209,-6.364,8.595337854505992
008935,大成科技消费股票C,2.6,0.0,0.0,12.387,-6.498,8.489388488418463
011476,工银新蓝筹股票C,1.2,0.0,0.0,14.257,-6.981,8.476054890606989
008303,宝盈龙头优选股票A,2.8,0.175,1.165,10.015,-5.8,8.354566353536308
008304,宝盈龙头优选股票C,2.8,0.168,1.165,9.938,-5.88,8.190159784388904
008076,招商核心优选股票C,2.4,0.29,1.22,9.558,-5.412,8.055368128651615
007354,创金合信港股通量化股票A,1.2,0.0,0.0,14.019,-7.168,8.051030534080798
007357,创金合信港股通量化股票C,1.2,0.0,0.0,13.995,-7.179,8.016411239463991
006603,嘉实互融精选股票,2.6,0.545,3.136,5.972,-4.252,8.00069609170983
006911,长江量化匠心甄选A,2.6,0.595,3.361,5.268,-4.172,7.65194056838428
009863,富国创新趋势股票,2.2,0.0,0.0,12.12,-6.776,7.543941532848218
006138,国联安价值优选股票,2.4,0.852,2.822,5.199,-3.788,7.485578455420269
011220,南方匠心优选股票A,0.8,0.0,0.0,13.638,-7.082,7.356426277667433
006957,长江量化匠心甄选C,2.6,0.572,3.359,5.137,-4.329,7.339841857865862
010235,广发资源优选股票C,2.0,0.0,0.0,12.077,-6.74,7.337017230673053
011221,南方匠心优选股票C,0.8,0.0,0.0,13.612,-7.09,7.32150945354011
010010,国投瑞银港股通6个月定开股票,2.2,0.0,0.0,11.841,-6.836,7.204271310019929
008871,大成睿裕六月持有股票A,2.4,0.285,0.825,9.419,-5.734,7.195005530547684
011726,安信新常态股票C,0.8,0.0,0.0,13.54,-7.161,7.179083244377057
008872,大成睿裕六月持有股票C,2.4,0.278,0.826,9.279,-5.793,6.989089085340536
008128,湘财长源股票型A,2.4,0.328,1.108,8.512,-5.576,6.772051401525421
008129,湘财长源股票型C,2.4,0.32,1.108,8.398,-5.636,6.589964218113525
008618,永赢医药健康A,2.2,0.142,1.066,9.08,-5.961,6.527433965730352
009550,汇添富开放优势6个月持有期股票A,1.8,0.0,0.0,11.381,-6.729,6.451951354227903
008619,永赢医药健康C,2.2,0.14,1.066,9.021,-5.98,6.447428582596513
009551,汇添富开放优势6个月持有期股票C,1.8,0.0,0.0,11.226,-6.761,6.265682075633002
009240,泰康蓝筹优势一年持有股票,1.6,0.0,0.0,11.418,-6.758,6.260776864846418
010341,招商产业精选股票A,1.8,0.0,0.0,11.173,-6.859,6.114449337968041
009069,大成睿鑫股票A,1.8,0.0,0.0,11.193,-6.901,6.092467388250578
010409,富国消费精选30股票,1.6,0.0,0.0,11.19,-6.73,6.060469583071036
009070,大成睿鑫股票C,1.8,0.0,0.0,11.139,-6.916,6.022964401068135
010342,招商产业精选股票C,1.8,0.0,0.0,11.077,-6.89,5.986620059622458
010420,民生加银成长优选股票,1.8,0.0,0.0,10.906,-6.889,5.816769550146526
010112,广发研究精选股票A,1.8,0.0,0.0,10.804,-6.895,5.7093222509032735
008709,银河龙头股票,2.0,0.0,0.0,10.893,-7.248,5.6448968160545485
008736,南方高股息股票A,1.4,0.0,0.0,11.071,-6.832,5.63917148848523
010113,广发研究精选股票C,1.8,0.0,0.0,10.748,-6.911,5.637388010458151
004891,华润元大成长精选A,2.4,0.102,0.769,8.692,-6.414,5.548992844001578
009899,上银内需增长股票,1.6,0.0,0.0,10.777,-6.848,5.528460900946427
008737,南方高股息股票C,1.4,0.0,0.0,10.945,-6.864,5.480870620331105
004892,华润元大成长精选C,2.4,0.1,0.768,8.641,-6.439,5.470936766217538
920002,中金精选股票A,1.4,0.0,0.0,10.889,-6.966,5.323135293655922
920922,中金精选股票C,1.4,0.0,0.0,10.787,-6.987,5.200335587702213
010160,广发高端制造股票C,1.6,0.0,0.0,10.688,-7.093,5.195271616863118
007287,合煦智远消费主题股票发起式A,2.0,0.268,1.074,7.761,-6.145,4.957122141575993
007674,工银产业升级股票A,2.0,0.182,1.396,7.516,-6.251,4.843760589948189
009601,招商科技动力3个月股票A,1.2,0.0,0.0,10.613,-6.977,4.836675959505513
007288,合煦智远消费主题股票发起式C,2.0,0.262,1.074,7.671,-6.193,4.813393299681507
009864,招商景气优选股票A,1.6,0.0,0.0,10.301,-7.157,4.7438043453003775
007675,工银产业升级股票C,2.0,0.175,1.396,7.436,-6.329,4.678826749629348
009602,招商科技动力3个月股票C,1.2,0.0,0.0,10.457,-7.007,4.649769149271083
009865,招商景气优选股票C,1.6,0.0,0.0,10.227,-7.188,4.638932071186267
009898,民生加银医药健康股票,1.6,0.0,0.0,10.149,-7.236,4.512655446393926
008768,创金上证超大盘量化A,1.6,0.26,0.99,7.415,-6.202,4.063814397526502
008769,创金上证超大盘量化C,1.6,0.252,0.99,7.332,-6.249,3.924654168799023
010957,九泰久安量化A,0,0.0,0.0,0,0.0,0.0
010961,九泰久安量化C,0,0.0,0.0,0,0.0,0.0
011107,九泰天兴量化智选A,0,0.0,0.0,0,0.0,0.0
011108,九泰天兴量化智选C,0,0.0,0.0,0,0.0,0.0
011254,长江量化科技精选一个月滚动持有股票A,0,0.0,0.0,0,0.0,0.0
011255,长江量化科技精选一个月滚动持有股票C,0,0.0,0.0,0,0.0,0.0
011269,中银证券优势制造股票A,0,0.0,0.0,0,0.0,0.0
011270,中银证券优势制造股票C,0,0.0,0.0,0,0.0,0.0
011373,招商前沿医疗保健股票A,0,0.0,0.0,0,0.0,0.0
011374,招商前沿医疗保健股票C,0,0.0,0.0,0,0.0,0.0
011824,浙商汇金量化臻选股票A,0,0.0,0.0,0,0.0,0.0
011825,浙商汇金量化臻选股票C,0,0.0,0.0,0,0.0,0.0
012210,申万菱信智能汽车股票A,0,0.0,0.0,0,0.0,0.0
012211,申万菱信智能汽车股票C,0,0.0,0.0,0,0.0,0.0
012244,广发金融地产精选股票A,0,0.0,0.0,0,0.0,0.0
012245,广发金融地产精选股票C,0,0.0,0.0,0,0.0,0.0
012315,创金合信港股通成长股票A,0,0.0,0.0,0,0.0,0.0
012316,创金合信港股通成长股票C,0,0.0,0.0,0,0.0,0.0
012445,华富新能源股票型发起式,0,0.0,0.0,0,0.0,0.0
